<book name="">
    <style>
        <font name="" family="方正兰亭黑" size="20" bold="false" italic="false" underline="false" color="0;0;0" syscolor="1" />
        <font name="h1" family="方正小标宋" size="30" bold="false" italic="false" underline="false" color="200;0;0" syscolor="0" />
        <font name="h2" family="方正小标宋" size="28" bold="false" italic="false" underline="false" color="200;0;0" syscolor="0" />
        <font name="h3" family="方正小标宋" size="26" bold="false" italic="false" underline="false" color="200;0;0" syscolor="0" />
        <font name="image" family="楷体" size="22" bold="false" italic="false" underline="false" color="0;0;0" syscolor="1" />
        <font name="宋体-30-0000-FF000000-1" family="宋体" size="30" bold="false" italic="false" underline="false" color="0;0;0" syscolor="1" />
        <para name="" align="left" prelinespace="4" postlinespace="4" preparaspace="6" postparaspace="6" firstident="2" leftident="0" rightident="0" />
        <para name="0-0-0-0-0" align="left" prelinespace="0" postlinespace="0" preparaspace="0" postparaspace="0" firstident="0" leftident="0" rightident="0" />
        <para name="h1" align="center" prelinespace="4" postlinespace="4" preparaspace="10" postparaspace="10" firstident="0" leftident="0" rightident="0" />
        <para name="h2" align="center" prelinespace="4" postlinespace="4" preparaspace="10" postparaspace="10" firstident="0" leftident="0" rightident="0" />
        <para name="h3" align="center" prelinespace="4" postlinespace="4" preparaspace="10" postparaspace="10" firstident="0" leftident="0" rightident="0" />
        <para name="image" align="center" prelinespace="2" postlinespace="2" preparaspace="5" postparaspace="5" firstident="0" leftident="0" rightident="0" />
    </style>
    <paras>
        <p font="h1">1. About This Book&#x0A;</p>
        <p>Although templates have been part of C++ for well over a decade (and available in various forms for almost as long),&#x0A;</p>
        <p>they still lead to misunderstanding, misuse, or controversy. At the same time, they are increasingly found to be&#x0A;</p>
        <p>powerful instruments for the development of cleaner, faster, and smarter software. Indeed, templates have become&#x0A;</p>
        <p>the cornerstone of several new C++ programming paradigms.&#x0A;</p>
        <p>Yet we have found that most existing books and articles are at best superficial in their treatment of the theory and&#x0A;</p>
        <p>application of C++ templates. Even those few books that do an excellent job of surveying various template-based&#x0A;</p>
        <p>techniques fail to describe accurately how these techniques are supported by the language. As a result, beginning&#x0A;</p>
        <p>and advanced C++ programmers alike are finding themselves wrestling with templates, attempting to decide why their&#x0A;</p>
        <p>code is handled unexpectedly.&#x0A;</p>
        <p>This observation was one of the main motivations for us to write this book. However, we both came up with the topic&#x0A;</p>
        <p>independently and had somewhat distinct approaches in mind.&#x0A;</p>
        <p font="h2">1.1 What You Should Know Before Reading This Book&#x0A;</p>
        <p>To get the most from this book you should already know C++: We describe the details of a particular language&#x0A;</p>
        <p>feature, not the fundamentals of the language itself. You should be familiar with the concepts of classes and&#x0A;</p>
        <p>inheritance, and you should be able to write C++ programs using components such as IOstreams and containers&#x0A;</p>
        <p>from the C++ standard library. In addition, we review more subtle issues as the need arises, even when such issues&#x0A;</p>
        <p>aren&apos;t directly related to templates. This ensures that the text is accessible to experts and intermediate programmers&#x0A;</p>
        <p>alike.&#x0A;</p>
        <p>We deal mostly with the C++ language as standardized in 1998 (see [Standard98]), plus the clarifications provided by&#x0A;</p>
        <p>the C++ Standardization Committee in its first technical corrigendum (see [Standard02]). If you feel your&#x0A;</p>
        <p>understanding of the basics of C++ is rusty or out-of-date, we recommend [StroustrupC++PL], [JosuttisOOP], and&#x0A;</p>
        <p>[JosuttisStdLib] to refresh your knowledge. These books are excellent introductions to the modern language and its&#x0A;</p>
        <p>standard library. Additional publications are listed in Appendix B.3.5.&#x0A;</p>
        <p font="h2">1.2 Overall Structure of the Book&#x0A;</p>
        <p>Our goal is to provide the information necessary for starting to use templates and benefit from their power, as well as&#x0A;</p>
        <p>to provide information that will enable experienced programmers to push the limits of the state-of-the-art. To achieve&#x0A;</p>
        <p>this, we decided to organize our text in parts:&#x0A;</p>
        <p>Part I introduces the basic concepts underlying templates. It is written in a tutorial style.&#x0A;</p>
        <p>Part II presents the language details and is a handy reference to template-related constructs.&#x0A;</p>
        <p>Part III explains fundamental design techniques supported by C++ templates. They range from near-trivial&#x0A;</p>
        <p>ideas to sophisticated idioms that may not have been published elsewhere.&#x0A;</p>
        <p>Part IV builds on the previous two parts and adds a discussion of various popular applications for templates.&#x0A;</p>
        <p>Each of these parts consists of several chapters. In addition, we provide a few appendixes that cover material not&#x0A;</p>
        <p>exclusively related to templates (for example, an overview of overload resolution in C++).&#x0A;</p>
        <p font="h1">2. Function Templates&#x0A;</p>
        <p>This chapter introduces function templates. Function templates are functions that are parameterized so that they represent a family of functions.&#x0A;</p>
        <p font="h2">2.1 A First Look at Function Templates&#x0A;</p>
        <p>Function templates provide a functional behavior that can be called for different types. In other words, a function&#x0A;</p>
        <p>template represents a family of functions. The representation looks a lot like an ordinary function, except that some&#x0A;</p>
        <p>elements of the function are left undetermined: These elements are parameterized. To illustrate, let&apos;s look at a simple&#x0A;</p>
        <p>example.&#x0A;</p>
        <p font="h3">2.1.1 Defining the Template&#x0A;</p>
        <p>The following is a function template that returns the maximum of two values:&#x0A;</p>
        <p>// basics/max.hpp&#x0A;</p>
        <p>template &lt;typename T&gt;&#x0A;</p>
        <p>inline T const&amp; max (T const&amp; a, T const&amp; b)&#x0A;</p>
        <p>{&#x0A;</p>
        <p>// if a &lt; b then use b else use a&#x0A;</p>
        <p>return a&lt;b?b:a;&#x0A;</p>
        <p>}&#x0A;</p>
        <p>This template definition specifies a family of functions that returns the maximum of two values, which are passed as&#x0A;</p>
        <p>function parameters a and b. The type of these parameters is left open aste mplate parameter T. As seen in this&#x0A;</p>
        <p>example, template parameters must be announced with syntax of the following form:&#x0A;</p>
        <p font="h2">2.2 Argument Deduction&#x0A;</p>
        <p>When we call a function template such as max() for some arguments, the template parameters are determined by&#x0A;</p>
        <p>the arguments we pass. If we pass two ints to the parameter typesT const&amp;, the C++ compiler must conclude thaTt&#x0A;</p>
        <p>must be int. Note that no automatic type conversion is allowed here. EacTh must match exactly. For example:&#x0A;</p>
        <p>template &lt;typename T&gt;&#x0A;</p>
        <p>inline T const&amp; max (T const&amp; a, T const&amp; b);&#x0A;</p>
        <p>…&#x0A;</p>
        <p>max(4,7) // OK: T is int for both arguments&#x0A;</p>
        <p>max(4,4.2) // ERROR: first T is int, second T is double&#x0A;</p>
        <p>There are three ways to handle such an error:&#x0A;</p>
    </paras>
</book>
